{"player2": 0.17927301809445936, "player1": 0.037000170988266592}