{"player2": 0.14332032372644821, "player1": 0.034869595043933915}